subjid,isExcluded_Rp,isExcluded_Ts,AN_val_meanRT_Rp,AN_inval_meanRT_Rp,AN_val_sdRT_Rp,AN_inval_sdRT_Rp,AN_val_nErrorTrials_Rp,AN_inval_nErrorTrials_Rp,AN_val_nFpTrials_Rp,AN_inval_nFpTrials_Rp,AN_val_nOl1Trials_Rp,AN_inval_nOl1Trials_Rp,AN_val_nOl2Trials_Rp,AN_inval_nOl2Trials_Rp,AN_val_nOmissionTrials_Rp,AN_inval_nOmissionTrials_Rp,AN_val_nHitTrials_Rp,AN_inval_nHitTrials_Rp,AN_val_nCleanTrials_Rp,AN_inval_nCleanTrials_Rp,AN_val_MeanMaxAmp_Rp,AN_inval_MeanMaxAmp_Rp,AN_val_SdMaxAmp_Rp,AN_inval_SdMaxAmp_Rp,HA_val_meanRT_Rp,HA_inval_meanRT_Rp,HA_val_sdRT_Rp,HA_inval_sdRT_Rp,HA_val_nErrorTrials_Rp,HA_inval_nErrorTrials_Rp,HA_val_nFpTrials_Rp,HA_inval_nFpTrials_Rp,HA_val_nOl1Trials_Rp,HA_inval_nOl1Trials_Rp,HA_val_nOl2Trials_Rp,HA_inval_nOl2Trials_Rp,HA_val_nOmissionTrials_Rp,HA_inval_nOmissionTrials_Rp,HA_val_nHitTrials_Rp,HA_inval_nHitTrials_Rp,HA_val_nCleanTrials_Rp,HA_inval_nCleanTrials_Rp,HA_val_MeanMaxAmp_Rp,HA_inval_MeanMaxAmp_Rp,HA_val_SdMaxAmp_Rp,HA_inval_SdMaxAmp_Rp
VP01,yes,yes,NaN,NaN,NaN,NaN,NaN,NaN,NaN,NaN,NaN,NaN,NaN,NaN,NaN,NaN,NaN,NaN,NaN,NaN,NaN,NaN,NaN,NaN,NaN,NaN,NaN,NaN,NaN,NaN,NaN,NaN,NaN,NaN,NaN,NaN,NaN,NaN,NaN,NaN,NaN,NaN,NaN,NaN,NaN,NaN
VP02,no,no,0.60654,0.68086,0.17598,0.11591,0,0,0,0,5,0,0,0,0,0,80,20,80,20,7640.6171,7889.97,2463.1961,1879.8521,0.68938,0.87422,0.1607,0.095848,0,0,0,0,4,1,0,0,1,0,79,20,80,20,651.6403,704.8364,126.2909,144.9376
VP03,yes,yes,NaN,NaN,NaN,NaN,NaN,NaN,NaN,NaN,NaN,NaN,NaN,NaN,NaN,NaN,NaN,NaN,NaN,NaN,NaN,NaN,NaN,NaN,NaN,NaN,NaN,NaN,NaN,NaN,NaN,NaN,NaN,NaN,NaN,NaN,NaN,NaN,NaN,NaN,NaN,NaN,NaN,NaN,NaN,NaN
VP04,no,no,0.77115,0.75868,0.3178,0.24047,3,1,0,0,5,0,0,0,2,1,75,18,77,19,1745.3474,2142.1485,922.6851,707.3883,0.87829,1.1938,0.21494,0.22594,1,0,0,0,2,1,0,0,3,0,76,20,79,20,353.7681,359.4755,109.9372,86.4639
VP05,no,yes,0.76838,0.7678,0.18049,0.2146,12,2,0,0,2,1,0,0,0,0,68,18,68,18,3981.5202,3658.9039,1506.7412,1230.0107,0.63317,0.72569,0.49678,0.63102,12,9,0,0,4,1,0,0,3,2,65,9,68,11,92.6263,131.6088,34.3878,62.143
VP06,no,no,0.55137,0.61678,0.1395,0.14456,7,1,0,0,4,1,0,0,0,0,73,19,73,19,1503.4337,1406.128,653.1501,459.5993,0.49262,0.49023,0.36012,0.16786,3,0,4,0,3,1,0,1,0,0,73,20,77,20,131.7296,118.2675,52.2882,25.4123
VP07,no,no,0.96419,1.2091,0.25115,0.28107,17,7,1,0,2,0,0,0,2,0,60,13,63,13,1494.6101,1692.244,547.73,755.8647,1.0352,1.1676,0.5617,0.67426,18,9,1,0,1,0,0,0,3,0,58,11,62,11,74.6194,81.7462,30.551,29.7157
VP08,no,no,0.78906,0.93506,0.28743,0.46032,3,2,1,0,3,2,0,0,5,2,71,16,77,18,2121.9229,1933.2207,1458.0271,1490.0469,1.0142,1.0567,0.67732,0.65707,8,0,0,0,1,0,0,0,4,1,68,19,72,20,143.5105,141.7029,56.4717,55.9259
VP09,no,no,0.66972,0.78979,0.21776,0.16519,3,0,0,0,4,1,0,0,0,0,77,20,77,20,3548.215,3691.541,1486.4019,1978.1069,1.4327,1.4731,0.3683,0.43458,3,0,0,0,2,0,3,1,5,0,72,20,77,20,198.7752,225.9366,66.6966,63.9893
VP10,no,no,0.64651,0.81016,0.14349,0.25992,6,0,0,0,0,0,0,0,1,0,73,20,74,20,2174.6024,2226.6424,434.4146,503.3342,0.86556,0.76809,0.37562,0.30468,3,1,0,0,1,0,0,0,5,0,72,19,77,19,104.3492,125.6378,40.1717,32.8827
VP11,yes,no,NaN,NaN,NaN,NaN,NaN,NaN,NaN,NaN,NaN,NaN,NaN,NaN,NaN,NaN,NaN,NaN,NaN,NaN,NaN,NaN,NaN,NaN,NaN,NaN,NaN,NaN,NaN,NaN,NaN,NaN,NaN,NaN,NaN,NaN,NaN,NaN,NaN,NaN,NaN,NaN,NaN,NaN,NaN,NaN
VP12,no,no,0.7043,0.71484,0.19904,0.21266,0,1,0,0,4,1,0,0,0,1,80,18,80,19,2041.9539,1911.746,513.2192,517.7002,0.59438,0.74794,0.18383,0.2016,1,1,0,0,2,1,0,0,5,0,74,19,79,19,124.9192,142.8838,37.5435,37.1071
VP13,no,no,0.37477,0.55469,0.17893,0.10661,13,1,0,0,2,1,0,0,0,0,67,19,67,19,2111.7198,1924.79,528.6455,640.4223,0.31961,0.61458,0.14214,0.49747,12,4,0,0,4,1,0,0,1,1,67,15,68,16,84.5187,84.6653,22.8226,35.7782
VP14,yes,no,NaN,NaN,NaN,NaN,NaN,NaN,NaN,NaN,NaN,NaN,NaN,NaN,NaN,NaN,NaN,NaN,NaN,NaN,NaN,NaN,NaN,NaN,NaN,NaN,NaN,NaN,NaN,NaN,NaN,NaN,NaN,NaN,NaN,NaN,NaN,NaN,NaN,NaN,NaN,NaN,NaN,NaN,NaN,NaN
VP15,no,no,0.63209,0.70195,0.20878,0.14444,0,0,0,0,3,1,0,0,4,0,76,20,80,20,9518.2806,8946.7906,6315.3691,3463.0503,0.72636,0.97492,0.27526,0.36239,0,0,1,0,3,0,0,0,1,1,78,19,80,20,357.4008,380.1439,135.477,156.8773
VP16,no,no,0.71655,0.8171,0.22136,0.34711,15,3,0,0,2,2,0,0,1,0,64,17,65,17,2503.6591,2533.8597,615.7044,431.3032,0.71187,0.72813,0.33301,0.31193,13,5,0,0,2,0,0,1,0,0,67,15,67,15,57.0581,54.4109,18.1486,13.235
VP17,no,no,0.87294,1.0068,0.28532,0.38587,8,3,0,1,4,1,0,0,0,0,72,16,72,17,2117.9164,2090.8222,547.4309,803.0598,0.48057,0.67804,0.31287,0.23489,6,1,0,0,4,0,0,1,0,0,74,19,74,19,67.4656,72.3733,19.0181,12.7332
VP18,no,no,0.5931,0.69835,0.20073,0.19229,7,1,0,1,3,1,0,0,1,0,72,18,73,19,5325.4497,5204.9017,1146.1374,1470.066,0.56658,0.95459,0.34233,0.48931,6,2,3,2,3,1,0,0,4,0,67,16,74,18,175.2785,170.3932,81.7314,75.3747
VP19,no,no,0.92562,1.0842,0.35834,0.45022,5,2,1,0,4,0,0,0,1,0,73,18,75,18,2082.8631,1692.1349,1307.5056,1060.1386,0.64432,0.6875,0.2793,0.11556,5,3,0,1,1,1,0,0,1,0,74,16,75,17,92.2802,94.9215,30.0144,39.2504
VP20,no,no,0.68597,0.78054,0.13563,0.093388,34,9,0,0,0,0,0,0,0,0,46,11,46,11,2107.2159,2472.0491,366.7942,379.9924,0.70233,0.94401,0.42232,0.35661,26,7,0,0,2,0,0,1,5,1,49,12,54,13,86.3959,93.0908,36.9282,77.316
VP21,no,no,0.7786,0.80713,0.15234,0.12342,27,4,0,0,2,1,0,0,0,0,53,16,53,16,5300.5773,5273.8284,1167.1752,1319.5218,0.59887,0.84462,0.32701,0.49009,13,0,0,0,4,2,0,0,6,2,61,18,67,20,86.5719,82.6804,31.3873,30.3964
VP22,no,no,0.77457,0.86198,0.30969,0.38735,18,8,0,0,2,1,2,0,0,0,62,12,62,12,3520.5116,3544.2174,1151.1133,1212.8704,0.56937,0.7932,0.33754,0.19886,20,3,0,0,2,0,0,1,2,0,58,17,60,17,70.3365,74.4417,22.5467,25.3735
VP23,no,no,0.58098,0.64909,0.29499,0.26208,12,8,5,0,1,1,0,0,0,0,63,12,68,12,1376.9774,1487.138,847.3629,708.2033,0.76701,0.66094,0.52621,0.49745,13,5,0,0,3,2,0,0,5,0,62,15,67,15,67.1017,74.7637,27.6687,27.6713
VP24,no,no,0.7481,0.82305,0.19097,0.26485,0,0,1,0,1,1,1,0,1,0,78,20,80,20,1944.8043,2166.8764,459.3998,338.5594,0.7847,1.2295,0.19906,0.40798,0,0,1,1,3,1,0,0,11,3,68,16,80,20,290.3592,272.9798,157.2866,196.537
VP25,no,no,0.68505,0.71094,0.35781,0.3512,13,3,0,1,4,1,0,0,0,0,67,16,67,17,1021.6583,1013.0613,493.036,570.1073,0.41667,0.5217,0.24528,0.2149,6,2,0,0,8,1,0,0,2,0,72,18,74,18,113.0848,117.0129,49.2362,48.2177
VP26,no,no,0.70114,0.85276,0.15591,0.14833,21,7,0,0,1,1,0,0,0,0,59,13,59,13,4128.4589,4207.2897,1184.9637,932.9381,1.0423,1.1719,0.69945,0.74892,17,4,0,0,2,0,0,0,7,0,56,16,63,16,96.8624,105.476,51.0019,44.3876
VP27,no,no,0.4781,0.82692,0.20171,0.39728,18,7,1,0,2,1,0,0,0,0,61,13,62,13,2294.9816,2043.2961,656.7846,630.0222,0.85392,0.75837,0.50394,0.52673,19,5,0,0,4,1,0,0,8,1,53,14,61,15,55.9013,57.9721,20.9535,23.9176
VP28,no,no,0.7619,1.0234,0.32347,0.53881,6,0,14,4,2,1,0,0,16,2,44,14,74,20,5945.4542,4706.9746,5020.0349,5315.4338,0.60673,0.79635,0.41016,0.1423,7,3,1,1,4,0,0,0,1,1,71,15,73,17,91.9266,89.2724,27.7346,31.7412
VP29,no,no,0.63035,0.87086,0.28978,0.32356,6,3,0,0,3,1,0,0,1,0,73,17,74,17,1188.5511,991.365,592.3385,472.7457,0.6819,1.0126,0.50519,0.49807,17,2,1,0,4,1,0,0,2,0,60,18,63,18,64.4507,62.716,23.2687,18.5175
VP30,no,no,0.71492,0.63616,0.23927,0.20753,29,6,0,0,1,0,1,0,0,0,51,14,51,14,3179.4404,3463.7832,1240.0545,1427.6233,0.47338,0.4794,0.32742,0.2594,20,8,0,1,3,0,0,0,6,0,54,11,60,12,53.3886,59.1855,20.5022,23.5348
VP31,no,no,0.68353,0.83882,0.17497,0.20609,15,1,0,0,2,1,0,0,0,0,65,19,65,19,761.0611,744.6288,253.8776,187.22,0.91393,1.0377,0.61434,0.58088,18,2,0,0,3,1,0,0,1,1,61,17,62,18,61.9913,57.5374,29.3357,21.6301
VP32,no,no,0.49655,0.65,0.088293,0.12916,3,0,0,0,3,1,0,0,0,0,77,20,77,20,1308.4521,1398.2965,162.9784,128.3649,0.38596,0.60781,0.2576,0.37329,2,0,0,0,3,1,0,0,6,0,72,20,78,20,88.756,95.459,34.5726,31.1502
VP33,no,no,0.65128,0.76809,0.17489,0.2604,3,1,0,0,3,1,0,0,0,0,77,19,77,19,3131.1741,2929.4047,671.8567,574.8251,1.3579,1.403,0.29763,0.36568,1,0,0,0,2,0,0,1,0,1,79,19,79,20,132.83,127.2273,36.5761,47.3225
VP34,no,no,0.82263,1.1198,0.18395,0.36372,26,5,0,0,2,1,0,0,0,0,54,15,54,15,6669.3487,6286.2298,2200.9463,2278.9499,0.79822,0.94832,0.51763,0.32403,14,7,0,0,5,0,0,1,2,0,64,13,66,13,93.8079,92.7226,32.8245,37.1665
VP35,no,no,0.61029,0.77436,0.21757,0.16252,12,3,0,0,4,1,0,0,0,0,68,17,68,17,3762.423,3511.6296,1316.2274,1207.316,0.90856,1.2188,0.49067,0.50945,6,1,0,0,2,0,0,0,3,1,71,18,74,19,93.7516,83.8125,48.5403,33.4529
VP36,no,yes,0.83307,1.0229,0.2895,0.26676,9,5,1,0,5,0,0,0,2,1,68,14,71,15,2445.3278,2171.8524,1050.5985,641.2086,0.69612,0.64007,0.49811,0.41083,10,4,0,0,4,1,0,0,2,2,68,14,70,16,76.0789,66.8812,23.1218,20.5612
VP37,no,no,0.57262,0.85524,0.24603,0.28225,7,1,2,2,4,1,0,0,0,0,71,17,73,19,5342.6114,4428.9059,1655.6031,1964.6236,0.3784,0.82509,0.21887,0.51616,8,2,0,0,5,1,0,0,3,0,69,18,72,18,42.3333,40.6618,12.7866,10.9626
VP38,no,no,0.9815,1.1213,0.3454,0.41111,9,1,0,0,4,1,0,0,3,0,68,19,71,19,1907.0732,2018.8578,808.1057,429.6586,1.0773,1.3137,0.35797,0.3904,4,4,4,3,3,0,3,1,13,0,59,13,76,16,172.0305,173.185,165.8537,112.4028
VP39,no,no,0.55582,0.91771,0.16358,0.25229,24,5,1,0,3,1,1,0,0,0,55,15,56,15,1746.5168,1539.9992,708.9937,587.289,0.65788,0.91286,0.60515,0.58707,23,7,0,0,5,1,0,0,9,0,48,13,57,13,51.1645,67.8654,34.9606,53.2218
VP40,no,no,0.87162,1.1924,0.29473,0.32638,4,3,0,0,2,1,0,0,2,1,74,16,76,17,4906.6759,3659.8053,2095.6815,1792.2829,0.72297,0.79004,0.61267,0.17298,6,3,0,0,7,0,0,0,0,1,74,16,74,17,90.1466,96.729,26.5746,39.5492
VP41,no,no,0.76653,0.80611,0.2935,0.26704,49,5,2,3,1,1,0,1,3,1,26,11,31,15,1649.7995,1461.5805,627.5037,771.8642,0.80027,1.1471,0.54352,0.57684,26,14,0,0,3,0,0,0,8,0,46,6,54,6,69.2058,68.8029,31.6312,21.0027
VP42,no,no,0.68069,0.76823,0.20972,0.23828,10,2,0,0,3,2,0,0,0,0,70,18,70,18,3918.1421,3609.3585,823.0566,730.9274,0.56476,0.83817,0.31787,0.32244,9,5,0,0,3,2,0,0,2,1,69,14,71,15,104.844,123.7707,35.8345,51.1836
VP43,no,no,0.53114,0.66719,0.094948,0.078183,5,0,2,0,3,1,0,0,1,0,72,20,75,20,827.6149,865.673,292.7622,229.791,0.4656,0.6875,0.18206,0.43926,8,1,0,0,2,1,0,0,0,0,72,19,72,19,153.8185,160.6983,44.3659,40.9366
VP44,no,no,0.38073,0.38695,0.13954,0.097309,5,3,0,0,2,1,1,0,0,0,75,17,75,17,453.0033,569.6477,266.6686,392.0049,0.35337,0.40049,0.33964,0.15476,8,1,0,0,3,1,0,1,7,0,65,19,72,19,111.3161,111.1292,59.8162,33.9177
VP45,no,no,0.60391,0.65017,0.20509,0.31014,10,2,0,0,2,1,0,0,0,0,70,18,70,18,1551.5973,1606.7785,471.9858,442.7951,0.39757,0.54366,0.18618,0.21267,8,3,0,0,5,0,1,1,0,0,72,17,72,17,110.2465,117.3635,23.1125,28.3903
VP46,no,no,0.50215,0.5832,0.16459,0.14263,0,0,0,0,4,1,0,0,0,0,80,20,80,20,2298.2504,2250.6586,612.3925,503.0434,0.39355,0.53203,0.11523,0.14967,0,0,0,0,3,0,0,0,0,0,80,20,80,20,102.4713,110.8451,19.415,19.1286
